{"cameraMode":{"drawMode":0,"name":"Shaded","section":"Shading Mode"},"sceneLighting":true,"audioPlay":false,"sceneViewState":{"showFog":true,"showMaterialUpdate":false,"showSkybox":true,"showFlares":true,"showImageEffects":true,"showParticleSystems":true},"in2DMode":false,"pivot":{"x":-0.06790018826723099,"y":0.5880770683288574,"z":-0.2068823277950287},"rotation":{"x":0.1594725251197815,"y":-0.4108507037162781,"z":0.07323618233203888,"w":0.8946579694747925},"size":1.7326653003692628,"orthographic":true}